-- MySQL dump 10.13  Distrib 5.6.25, for Win64 (x86_64)
--
-- Host: localhost    Database: ventas
-- ------------------------------------------------------
-- Server version	5.6.25-log

/*!40101 SET @OLD_CHARACTER_SET_CLIENT=@@CHARACTER_SET_CLIENT */;
/*!40101 SET @OLD_CHARACTER_SET_RESULTS=@@CHARACTER_SET_RESULTS */;
/*!40101 SET @OLD_COLLATION_CONNECTION=@@COLLATION_CONNECTION */;
/*!40101 SET NAMES utf8 */;
/*!40103 SET @OLD_TIME_ZONE=@@TIME_ZONE */;
/*!40103 SET TIME_ZONE='+00:00' */;
/*!40014 SET @OLD_UNIQUE_CHECKS=@@UNIQUE_CHECKS, UNIQUE_CHECKS=0 */;
/*!40014 SET @OLD_FOREIGN_KEY_CHECKS=@@FOREIGN_KEY_CHECKS, FOREIGN_KEY_CHECKS=0 */;
/*!40101 SET @OLD_SQL_MODE=@@SQL_MODE, SQL_MODE='NO_AUTO_VALUE_ON_ZERO' */;
/*!40111 SET @OLD_SQL_NOTES=@@SQL_NOTES, SQL_NOTES=0 */;

--
-- Table structure for table `cabecerapedido`
--

DROP TABLE IF EXISTS `cabecerapedido`;
/*!40101 SET @saved_cs_client     = @@character_set_client */;
/*!40101 SET character_set_client = utf8 */;
CREATE TABLE `cabecerapedido` (
  `idCabeceraPedido` int(11) NOT NULL AUTO_INCREMENT,
  `FechaCabPed` date NOT NULL,
  `NumeroFacturaCabPed` varchar(8) DEFAULT NULL,
  `NumeroPedidoCabPed` varchar(12) NOT NULL,
  `idPersonalAdmVende` int(11) NOT NULL,
  `idPersonalAdmCobra` int(11) DEFAULT NULL,
  `idPersonalAdmDespacha` int(11) DEFAULT NULL,
  `idTipoCobro` int(11) DEFAULT NULL,
  `idCliente` int(11) NOT NULL,
  PRIMARY KEY (`idCabeceraPedido`)
) ENGINE=InnoDB AUTO_INCREMENT=101 DEFAULT CHARSET=utf8;
/*!40101 SET character_set_client = @saved_cs_client */;

--
-- Dumping data for table `cabecerapedido`
--

LOCK TABLES `cabecerapedido` WRITE;
/*!40000 ALTER TABLE `cabecerapedido` DISABLE KEYS */;
INSERT INTO `cabecerapedido` VALUES (1,'2020-01-01','00001','20200001',1,2,3,1,89),(2,'2020-01-03','00002','20200002',4,5,6,1,15),(3,'2020-01-07','00003','20200003',7,8,9,1,39),(4,'2020-01-09','00004','20200004',10,2,3,1,88),(5,'2020-01-13','00005','20200005',1,5,6,1,30),(6,'2020-01-15','00006','20200006',4,8,9,1,93),(7,'2020-01-17','00007','20200007',7,2,3,1,15),(8,'2020-01-21','00008','20200008',10,5,6,1,9),(9,'2020-01-23','00009','20200009',1,8,9,2,62),(10,'2020-01-27','00010','20200010',4,2,3,2,13),(11,'2020-01-29','00011','20200011',7,5,6,3,18),(12,'2020-01-31','00012','20200012',10,8,9,3,19),(13,'2020-02-04','00013','20200013',1,2,3,4,94),(14,'2020-02-06','00014','20200014',4,5,6,1,34),(15,'2020-02-10','00015','20200015',7,8,9,1,68),(16,'2020-02-12','00016','20200016',10,2,3,1,24),(17,'2020-02-14','00017','20200017',1,5,6,1,93),(18,'2020-02-18','00018','20200018',4,8,9,1,97),(19,'2020-02-20','00019','20200019',7,2,3,1,40),(20,'2020-02-24','00020','20200020',10,5,6,1,23),(21,'2020-02-26','00021','20200021',1,8,9,1,44),(22,'2020-02-28','00022','20200022',4,2,3,2,52),(23,'2020-03-03','00023','20200023',7,5,6,2,51),(24,'2020-03-05','00024','20200024',10,8,9,3,64),(25,'2020-03-09','00025','20200025',1,2,3,3,4),(26,'2020-03-11','00026','20200026',4,5,6,4,88),(27,'2020-03-13','00027','20200027',7,8,9,1,17),(28,'2020-03-17','00028','20200028',10,2,3,1,80),(29,'2020-03-19','00029','20200029',1,5,6,1,7),(30,'2020-03-23','00030','20200030',4,8,9,1,94),(31,'2020-03-25','00031','20200031',7,2,3,1,71),(32,'2020-03-27','00032','20200032',10,5,6,1,4),(33,'2020-03-31','00033','20200033',1,8,9,1,42),(34,'2020-04-02','00034','20200034',4,2,3,1,58),(35,'2020-04-06','00035','20200035',7,5,6,2,31),(36,'2020-04-08','00036','20200036',10,8,9,2,47),(37,'2020-04-10','00037','20200037',1,2,3,3,91),(38,'2020-04-14','00038','20200038',4,5,6,3,1),(39,'2020-04-16','00039','20200039',7,8,9,4,4),(40,'2020-04-20','00040','20200040',10,2,3,1,47),(41,'2020-04-22','00041','20200041',1,5,6,1,14),(42,'2020-04-24','00042','20200042',4,8,9,1,100),(43,'2020-04-28','00043','20200043',7,2,3,1,16),(44,'2020-04-30','00044','20200044',10,5,6,1,92),(45,'2020-05-04','00045','20200045',1,8,9,1,23),(46,'2020-05-06','00046','20200046',4,2,3,1,72),(47,'2020-05-08','00047','20200047',7,5,6,1,24),(48,'2020-05-12','00048','20200048',10,8,9,2,32),(49,'2020-05-14','00049','20200049',1,2,3,2,75),(50,'2020-05-18','00050','20200050',4,5,6,3,46),(51,'2020-05-20','00051','20200051',7,8,9,3,29),(52,'2020-05-22','00052','20200052',10,2,3,4,89),(53,'2020-05-26','00053','20200053',1,5,6,1,75),(54,'2020-05-28','00054','20200054',4,8,9,1,83),(55,'2020-06-01','00055','20200055',7,2,3,1,18),(56,'2020-06-03','00056','20200056',10,5,6,1,11),(57,'2020-06-05','00057','20200057',1,8,9,1,66),(58,'2020-06-09','00058','20200058',4,2,3,1,74),(59,'2020-06-11','00059','20200059',7,5,6,1,33),(60,'2020-06-15','00060','20200060',10,8,9,1,73),(61,'2020-06-17','00061','20200061',1,2,3,2,15),(62,'2020-06-19','00062','20200062',4,5,6,2,52),(63,'2020-06-23','00063','20200063',7,8,9,3,73),(64,'2020-06-25','00064','20200064',10,2,3,3,54),(65,'2020-06-29','00065','20200065',1,5,6,4,58),(66,'2020-07-01','00066','20200066',4,8,9,1,13),(67,'2020-07-03','00067','20200067',7,2,3,1,26),(68,'2020-07-07','00068','20200068',10,5,6,1,87),(69,'2020-07-09','00069','20200069',1,8,9,1,57),(70,'2020-07-13','00070','20200070',4,2,3,1,31),(71,'2020-07-15','00071','20200071',7,5,6,1,60),(72,'2020-07-17','00072','20200072',10,8,9,1,5),(73,'2020-07-21','00073','20200073',1,2,3,1,55),(74,'2020-07-23','00074','20200074',4,5,6,2,14),(75,'2020-07-27','00075','20200075',7,8,9,2,30),(76,'2020-07-29','00076','20200076',10,2,3,3,12),(77,'2020-07-31','00077','20200077',1,5,6,3,13),(78,'2020-08-04','00078','20200078',4,8,9,4,39),(79,'2020-08-06','00079','20200079',7,2,3,1,29),(80,'2020-08-10','00080','20200080',10,5,6,1,49),(81,'2020-08-12','00081','20200081',1,8,9,1,78),(82,'2020-08-14','00082','20200082',4,2,3,1,53),(83,'2020-08-18','00083','20200083',7,5,6,1,87),(84,'2020-08-20','00084','20200084',10,8,9,1,4),(85,'2020-08-24','00085','20200085',1,2,3,1,98),(86,'2020-08-26','00086','20200086',4,5,6,1,29),(87,'2020-08-28','00087','20200087',7,8,9,2,51),(88,'2020-09-01','00088','20200088',10,2,3,2,17),(89,'2020-09-03','00089','20200089',1,5,6,3,84),(90,'2020-09-07','00090','20200090',4,8,9,3,48),(91,'2020-09-09','00091','20200091',7,2,3,4,83),(92,'2020-09-11','00092','20200092',10,5,6,1,5),(93,'2020-09-15','00093','20200093',1,8,9,1,23),(94,'2020-09-17','00094','20200094',4,2,3,1,59),(95,'2020-09-21','00095','20200095',7,5,6,1,6),(96,'2020-09-23','00096','20200096',10,8,9,1,24),(97,'2020-09-25','00097','20200097',1,2,3,1,51),(98,'2020-09-29','00098','20200098',4,5,6,1,46),(99,'2020-10-01','00099','20200099',7,8,9,1,4),(100,'2020-10-05','00100','20200100',10,2,3,2,4);
/*!40000 ALTER TABLE `cabecerapedido` ENABLE KEYS */;
UNLOCK TABLES;

--
-- Table structure for table `cliente`
--

DROP TABLE IF EXISTS `cliente`;
/*!40101 SET @saved_cs_client     = @@character_set_client */;
/*!40101 SET character_set_client = utf8 */;
CREATE TABLE `cliente` (
  `idcliente` int(11) NOT NULL AUTO_INCREMENT,
  `DireccionCli` varchar(100) DEFAULT NULL,
  `NombreCli` varchar(100) NOT NULL,
  `idPersona` int(11) NOT NULL,
  `idLugarGeoPaResid` int(11) NOT NULL,
  `idSucursalCli` int(11) NOT NULL,
  PRIMARY KEY (`idcliente`),
  KEY `cliente-persona_idx` (`idPersona`),
  KEY `cliente-lugarGeo_idx` (`idLugarGeoPaResid`),
  KEY `cliente-sucursal` (`idSucursalCli`),
  CONSTRAINT `asocClienteSucursal` FOREIGN KEY (`idSucursalCli`) REFERENCES `sucursal` (`idSUCURSAL`) ON DELETE CASCADE ON UPDATE CASCADE,
  CONSTRAINT `cliente-lugarGeo` FOREIGN KEY (`idLugarGeoPaResid`) REFERENCES `lugargeografico` (`idLugarGeografico`) ON DELETE CASCADE ON UPDATE CASCADE,
  CONSTRAINT `cliente-persona` FOREIGN KEY (`idPersona`) REFERENCES `persona` (`idpersona`) ON DELETE CASCADE ON UPDATE CASCADE,
  CONSTRAINT `cliente-sucursal` FOREIGN KEY (`idSucursalCli`) REFERENCES `sucursal` (`idSUCURSAL`) ON DELETE CASCADE ON UPDATE CASCADE
) ENGINE=InnoDB AUTO_INCREMENT=101 DEFAULT CHARSET=utf8;
/*!40101 SET character_set_client = @saved_cs_client */;

--
-- Dumping data for table `cliente`
--

LOCK TABLES `cliente` WRITE;
/*!40000 ALTER TABLE `cliente` DISABLE KEYS */;
INSERT INTO `cliente` VALUES (1,'LADRON DE GUEVARA E13 408 Y BARCELONA','Gonzalez Antonio',58,160,1),(2,'AV  AMAZONAS N45 60 E IGNACIO PEREIRA','Aguayo Manuel',43,145,1),(4,'AV DE LOS GRANADOS E12 70 E ISLA MARCHENA','Chavez Francisco',65,32,2),(7,'AV  AMAZONAS N35 211 Y JAPON','De Jesus Antonio',96,139,1),(8,'VEINTIMILLA E4 66 Y AMAZONAS','Ramos Javier',81,90,2),(10,'AV  REPUBLICA DEL SALVADOR N10 82 Y AV  NACIONES UNIDAS','Barron Luis',46,109,1),(11,'ALPALLANA E8 86 Y AV  6 DE DICIEMBRE','Espejo Esteban',26,34,1),(12,'AV  NACIONES UNIDAS E7 95 Y AV  DE LOS SHYRIS','Ramos Carlos',17,136,2),(13,'AV  MARISCAL SUCRE SN Y AV  MARIANA DE JESUS','Flores Jesus',64,116,1),(14,'9 DE OCTUBRE N26 56 Y SANTA MARIA','Aguilar Alejandro',84,142,2),(15,'AV  MORAN VALVERDE OE1 63 Y PANAMERICANA SUR','Flores Miguel',48,131,2),(16,'LADRON DE GUEVARA E11 253 Y PASAJE ANDALUCIA','Silva Manuel',65,75,1),(18,'InAQUITO N 3614 Y COREA','Arreguin Angel',66,158,2),(19,'AV  JOSE ANDRADE OE1 103 Y JUAN DE SELIS','Garcia Pedro',80,168,2),(21,'URB  InAQUITO ALTO, JUAN DIAZ N37 111','Gonzales Angel',47,162,2),(23,'NUnEZ DE VELA E3 13 Y AV  ATAHUALPA','Gonzales Jose',4,119,2),(25,'AV  AMAZONAS 1014 Y NACIONES UNIDAS','Gonzales Jorge',10,93,2),(26,'AV  REPUBLICA E7 16 Y LA PRADERA ESQUINA','Trejo Luis',75,27,2),(27,'AV  AMAZONAS 4545 Y PEREIRA','Guerra Alberto',56,72,2),(28,'EL BATAN','Guerrero Luis',54,29,2),(30,'HUGO MONCAYO E11 28 Y 6 DE DICIEMBRE','Guillen adrian',62,39,1),(31,'AV  ELOY ALFARO N44 406 E HIGUERRA','Marin Jose',51,134,1),(32,'AV  SHYRIS N33 90 Y RUSIA','Hernandez Diego',14,153,2),(33,'CALLE DE LOS MOTILONES N40   381 Y CAMILO GALLEGOS','Gonzales Raul',18,130,2),(34,'AV  ELOY ALFARO N44 406 E HIGUERAS','Hernandez Raul',44,124,1),(35,'AV  12 DE OCTUBRE N24 660 Y FRANCISCO SALAZAR','Palacios Antonio',35,115,1),(40,'LADRON DE GUEVARA E13 408 Y BARCELONA','Avila Jaime',95,158,2),(41,'AV  AMAZONAS N45 60 E IGNACIO PEREIRA','Avalos Andres',86,113,1),(42,'AV  DE LAS PALMERAS N45 74 Y DE LAS ORQUIDEAS','Arroyo Juan',53,137,1),(43,'AV DE LOS GRANADOS E12 70 E ISLA MARCHENA','Arroyo Joaquin',90,122,2),(44,'AV  NACIONES UNIDAS E10 44 Y AV  REPUBLICA DEL SALVADOR','Arzate Santiago',8,168,2),(46,'AV  AMAZONAS N35 211 Y JAPON','Batista Higinio',30,156,1),(47,'VEINTIMILLA E4 66 Y AMAZONAS','Barrera Humberto',19,148,1),(48,'AV  GENERAL IGNACIO DE VENTIMILLA E5 66','Barrera Roberto',10,134,2),(51,'AV  NACIONES UNIDAS E7 95 Y AV  DE LOS SHYRIS','Berlanga Arturo',24,118,2),(52,'AV  MARISCAL SUCRE SN Y AV  MARIANA DE JESUS','Chicaiza Maria',31,166,1),(53,'9 DE OCTUBRE N26 56 Y SANTA MARIA','Aquiles Carmen',87,141,2),(54,'AV  MORAN VALVERDE OE1 63 Y PANAMERICANA SUR','Baptista Renata',10,161,2),(55,'LADRON DE GUEVARA E11 253 Y PASAJE ANDALUCIA','Hernandez Rosa',51,33,2),(56,'AMAZONAS N41 56 E ISLA FLOREANA','Prado Isabel',33,128,1),(60,'URB  InAQUITO ALTO, JUAN DIAZ N37 111','Agapito Teresa',66,125,1),(61,'InAQUITO N32 17 Y VILLALENGUA','Lunar Ana',73,157,2),(62,'NUnEZ DE VELA E3 13 Y AV  ATAHUALPA','Perez Cristina',91,110,1),(63,'AV  DE LA PRENSA N56 87 Y PASAJE MANUEL HERRERA','Cortes Martha',25,94,2),(64,'AV  AMAZONAS 1014 Y NACIONES UNIDAS','Mere Josefa',15,157,2),(66,'AV  AMAZONAS 4545 Y PEREIRA','Morales Lucia',68,36,1),(67,'EL BATAN','Gonzales Isabel',11,153,1),(68,'AV  ELOY ALFARO N37 25 Y JOSE CORREA ','Moreno Maria',13,26,2),(69,'HUGO MONCAYO E11 28 Y 6 DE DICIEMBRE','Chavez Antonia',12,115,2),(70,'AV  ELOY ALFARO N44 406 E HIGUERRA','Moreno Dolores',80,72,1),(72,'CALLE DE LOS MOTILONES N40   381 Y CAMILO GALLEGOS','Moreno Gabriela',68,166,1),(73,'AV  ELOY ALFARO N44 406 E HIGUERAS','Reveles Elena',11,72,2),(74,'AV  12 DE OCTUBRE N24 660 Y FRANCISCO SALAZAR','Munguia Luisa',5,168,2),(75,'ISLA PINZON N43 61 Y EMILIO ZOLA','Gonzales Raquel',78,83,1),(77,'AV  12 DE OCTUBRE Y FRANCISCO SALAZAR','Gonzalez Pilar',27,25,1),(78,'AV  ORELLANA E9 195 Y AV  6 DE DICIEMBRE','Guzman Maria',35,74,2),(79,'LADRON DE GUEVARA E13 408 Y BARCELONA','Garcia Manuela',38,34,1),(81,'AV  DE LAS PALMERAS N45 74 Y DE LAS ORQUIDEAS','Romero Mercedes',58,161,2),(82,'AV DE LOS GRANADOS E12 70 E ISLA MARCHENA','Parga Julia',31,109,2),(83,'AV  NACIONES UNIDAS E10 44 Y AV  REPUBLICA DEL SALVADOR','Fuentes Ana',75,100,1),(84,'AV  10 DE AGOSTO N11 409 Y BRISEnO','Perez Nuria',59,112,2),(85,'AV  AMAZONAS N35 211 Y JAPON','Moreno Silvia',88,84,1),(87,'AV  GENERAL IGNACIO DE VENTIMILLA E5 66','Baez Juana',16,118,1),(88,'AV  REPUBLICA DEL SALVADOR N10 82 Y AV  NACIONES UNIDAS','Reyes Alba',55,82,1),(89,'ALPALLANA E8 86 Y AV  6 DE DICIEMBRE','Baez Irene',95,28,2),(90,'AV  NACIONES UNIDAS E7 95 Y AV  DE LOS SHYRIS','Rodriguez Teresa',71,146,2),(91,'AV  MARISCAL SUCRE SN Y AV  MARIANA DE JESUS','Loeza Encarnacion',65,77,2),(93,'AV  MORAN VALVERDE OE1 63 Y PANAMERICANA SUR','Intriago Moserratte',80,140,2),(94,'LADRON DE GUEVARA E11 253 Y PASAJE ANDALUCIA','Saldana Andrea',43,162,2),(96,'InAQUITO N 3614 Y COREA','Ruiz Monica',22,33,1),(97,'AV  JOSE ANDRADE OE1 103 Y JUAN DE SELIS','Loeza Rosa',72,87,2),(100,'InAQUITO N32 17 Y VILLALENGUA','Vega Sonia',98,100,2);
/*!40000 ALTER TABLE `cliente` ENABLE KEYS */;
UNLOCK TABLES;

--
-- Table structure for table `detallepedido`
--

DROP TABLE IF EXISTS `detallepedido`;
/*!40101 SET @saved_cs_client     = @@character_set_client */;
/*!40101 SET character_set_client = utf8 */;
CREATE TABLE `detallepedido` (
  `idDetallePedido` int(11) NOT NULL AUTO_INCREMENT,
  `CantidadDetPed` int(11) NOT NULL,
  `PrecioUnitDetPed` double NOT NULL,
  `idProducto` int(11) NOT NULL,
  `idCabPedido` int(11) NOT NULL,
  PRIMARY KEY (`idDetallePedido`)
) ENGINE=InnoDB AUTO_INCREMENT=101 DEFAULT CHARSET=utf8;
/*!40101 SET character_set_client = @saved_cs_client */;

--
-- Dumping data for table `detallepedido`
--

LOCK TABLES `detallepedido` WRITE;
/*!40000 ALTER TABLE `detallepedido` DISABLE KEYS */;
INSERT INTO `detallepedido` VALUES (1,1,2257,87,1),(2,1,72,8,2),(3,2,85,39,3),(4,3,118,78,4),(5,2,85,7,5),(6,1,499,94,6),(7,2,36,19,7),(8,3,5,99,8),(9,3,128,42,9),(10,3,64,91,10),(11,1,337,27,11),(12,3,3389,68,12),(13,2,118,78,13),(14,1,160,13,14),(15,3,3,97,15),(16,2,2250,46,16),(17,2,4.3,23,17),(18,2,5,99,18),(19,1,1698,47,19),(20,2,121,9,20),(21,2,36,88,21),(22,2,960,90,22),(23,1,9,96,23),(24,3,326,28,24),(25,1,310,51,25),(26,3,2649,49,26),(27,2,394,58,27),(28,3,8992,66,28),(29,2,189,95,29),(30,2,88.5,3,30),(31,1,37.6,37,31),(32,2,8.3,21,32),(33,1,2244,54,33),(34,2,304,72,34),(35,3,960,90,35),(36,1,2250,46,36),(37,1,128,42,37),(38,1,150,30,38),(39,2,79.2,4,39),(40,1,8,24,40),(41,1,36,88,41),(42,3,264,93,42),(43,3,191,65,43),(44,2,96,81,44),(45,2,2250,46,45),(46,1,1258,55,46),(47,3,115,43,47),(48,2,2244,86,48),(49,3,264,93,49),(50,2,1649,50,50),(51,1,337,27,51),(52,3,31.5,40,52),(53,1,88.5,2,53),(54,3,664,70,54),(55,3,394,58,55),(56,2,1698,47,56),(57,3,664,70,57),(58,2,37.6,37,58),(59,1,335,61,59),(60,3,889,14,60),(61,3,485,64,61),(62,2,326,28,62),(63,3,1698,47,63),(64,2,2250,46,64),(65,1,24,85,65),(66,2,76.6,17,66),(67,2,79.2,4,67),(68,3,1005,57,68),(69,2,59,83,69),(70,1,504,73,70),(71,2,5,25,71),(72,1,1959,67,72),(73,2,485,64,73),(74,1,79.2,4,74),(75,3,1698,47,75),(76,1,2244,86,76),(77,3,1237,32,77),(78,3,2244,86,78),(79,3,9,96,79),(80,2,310,51,80),(81,1,37.6,37,81),(82,2,394,58,82),(83,2,64,91,83),(84,3,34,38,84),(85,1,246,11,85),(86,3,326,28,86),(87,2,36,88,87),(88,1,59,83,88),(89,2,3254,52,89),(90,3,52,89,90),(91,3,1698,47,91),(92,1,264,93,92),(93,2,37.4,36,93),(94,3,8992,66,94),(95,1,686,15,95),(96,3,150,30,96),(97,3,59,83,97),(98,3,36,88,98),(99,2,191,65,99),(100,3,5140,56,100);
/*!40000 ALTER TABLE `detallepedido` ENABLE KEYS */;
UNLOCK TABLES;

--
-- Table structure for table `lugargeografico`
--

DROP TABLE IF EXISTS `lugargeografico`;
/*!40101 SET @saved_cs_client     = @@character_set_client */;
/*!40101 SET character_set_client = utf8 */;
CREATE TABLE `lugargeografico` (
  `idLugarGeografico` int(11) NOT NULL AUTO_INCREMENT,
  `NombreLugGeo` varchar(30) NOT NULL,
  `IdLugarGeoPadre` int(11) DEFAULT NULL,
  `CodigoLugGeo` varchar(6) NOT NULL,
  PRIMARY KEY (`idLugarGeografico`),
  UNIQUE KEY `CodigoLugGeo_UNIQUE` (`CodigoLugGeo`),
  KEY `lugarGeo-lugarGeoPadre_idx` (`IdLugarGeoPadre`),
  CONSTRAINT `lugarGeo-lugarGeoPadre` FOREIGN KEY (`IdLugarGeoPadre`) REFERENCES `lugargeografico` (`idLugarGeografico`) ON DELETE CASCADE ON UPDATE CASCADE
) ENGINE=InnoDB AUTO_INCREMENT=169 DEFAULT CHARSET=utf8;
/*!40101 SET character_set_client = @saved_cs_client */;

--
-- Dumping data for table `lugargeografico`
--

LOCK TABLES `lugargeografico` WRITE;
/*!40000 ALTER TABLE `lugargeografico` DISABLE KEYS */;
INSERT INTO `lugargeografico` VALUES (1,'Azuay',NULL,'01'),(2,'Bolivar',NULL,'02'),(3,'Cañar',NULL,'03'),(4,'Carchi',NULL,'04'),(5,'Cotopaxi',NULL,'05'),(6,'Chimborazo',NULL,'06'),(7,'El Oro',NULL,'07'),(8,'Esmeraldas',NULL,'08'),(9,'Guayas',NULL,'09'),(10,'Imbabura',NULL,'10'),(11,'Loja',NULL,'11'),(12,'Los Rios',NULL,'12'),(13,'Manabi',NULL,'13'),(14,'Morona Santiago',NULL,'14'),(15,'Napo',NULL,'15'),(16,'Pastaza',NULL,'16'),(17,'Pichincha',NULL,'17'),(18,'Tungurahua',NULL,'18'),(19,'Zamora Chinchipe',NULL,'19'),(20,'Galapagos',NULL,'20'),(21,'Sucumbios',NULL,'21'),(22,'Orellana',NULL,'22'),(23,'Santo Domingo de los Ts.',NULL,'23'),(24,'Santa Elena',NULL,'24'),(25,'Cuenca',1,'0101'),(26,'Paute',1,'0105'),(27,'Guaranda',2,'0201'),(28,'Echeandia',2,'0204'),(29,'Azogues',3,'0301'),(30,'Cañar',3,'0303'),(31,'Tulcán',4,'0401'),(32,'Montúfar',4,'0405'),(33,'Latacunga',5,'0501'),(34,'La Maná',5,'0502'),(35,'Riobamba',6,'0601'),(36,'Alausi',6,'0602'),(37,'Machala',7,'0701'),(38,'Portovelo',7,'0711'),(39,'Esmeraldas',8,'0801'),(40,'Atacames',8,'0806'),(41,'Guayaquil',9,'0901'),(42,'Durán',9,'0907'),(72,'Ibarra',10,'1001'),(73,'Otavalo',10,'1004'),(74,'Loja',11,'1101'),(75,'Macará',11,'1108'),(76,'Babahoyo',12,'1201'),(77,'Ventanas',12,'1207'),(78,'Portoviejo',13,'1301'),(79,'Pedernales',13,'1317'),(80,'Morona',14,'1401'),(81,'Pablo Sexto',14,'1411'),(82,'Tena',15,'1501'),(83,'El Chacho',15,'1504'),(84,'Pastaza',16,'1601'),(85,'Mera',16,'1602'),(86,'Quito',17,'1701'),(87,'Rumiñahui',17,'1705'),(88,'Ambato',18,'1801'),(89,'Baños',18,'1802'),(90,'Zamora',19,'1901'),(91,'Palanda',19,'1908'),(92,'San Cristobal',20,'2001'),(93,'Isabela',20,'2002'),(94,'Lago Agrio',21,'2101'),(95,'Sucumbios C.',21,'2105'),(96,'Orellana',22,'2201'),(97,'Aguarico',22,'2202'),(98,'Santo Domingo',23,'2301'),(99,'Santa Elena',24,'2401'),(100,'Salinas',24,'2403'),(108,'Carcelén',86,'170102'),(109,'Chillogallo',86,'170108'),(110,'Chimbacalle',86,'170109'),(111,'Guamaní',86,'170111'),(112,'El Condado',86,'170110'),(113,'La Ecuatoriana',86,'170118'),(114,'La Mena',86,'170122'),(115,'Quitumbe',86,'170126'),(116,'San Bartolo',86,'170128'),(117,'Solanda',86,'170131'),(118,'Sangolqui',87,'170501'),(119,'San Pedro',87,'170502'),(120,'San Rafael',87,'170503'),(121,'Catogchoa',87,'170551'),(122,'Rumipamba',87,'170552'),(123,'Bellavista',25,'010101'),(124,'El Batan',25,'010103'),(125,'Angel Polibio Chaves',27,'020101'),(126,'Guanujo',27,'020103'),(127,'Borrero',29,'030103'),(128,'San Francisco',29,'030104'),(129,'Huaca',31,'040152'),(130,'Maldonado',31,'040154'),(131,'La Matriz',33,'050104'),(132,'San Buenaventura',33,'050105'),(133,'Maldonado',35,'060102'),(134,'Punin',35,'060158'),(135,'La Providencia',37,'070101'),(136,'Puerto Bolivar',37,'070103'),(137,'Lagarto',39,'080157'),(138,'Majua',39,'080159'),(139,'Ayacucho',41,'090101'),(140,'Rocafuerte',41,'090110'),(141,'Sagrario',72,'100103'),(142,'San Francisco',72,'100104'),(143,'Sucre',74,'110103'),(144,'Valle',74,'110104'),(145,'Barreiro',76,'120103'),(146,'El Salto',76,'120104'),(147,'12 de Marzo',78,'130102'),(148,'Colon',78,'130103'),(149,'Macuma',80,'140155'),(150,'San Isidro',80,'140156'),(151,'Chontapunta',82,'150153'),(152,'Pano',82,'150154'),(153,'Arajuno',84,'160151'),(154,'Canelos',84,'160152'),(155,'Celiano Monge',88,'180102'),(156,'Huachi Chico',88,'180103'),(157,'El Limon',90,'190101'),(158,'Guadalupe',90,'190152'),(159,'El Progreso',92,'200151'),(160,'Isla Santa Maria',92,'200152'),(161,'Cuyabeno',94,'210151'),(162,'Dureno',94,'210152'),(163,'El Dorado',96,'220154'),(164,'Garcia Moreno',96,'220156'),(165,'Alluriquin',98,'230151'),(166,'Puerto Limon',98,'230152'),(167,'Chanduy',99,'240153'),(168,'Manglaralto',99,'240154');
/*!40000 ALTER TABLE `lugargeografico` ENABLE KEYS */;
UNLOCK TABLES;

--
-- Table structure for table `persona`
--

DROP TABLE IF EXISTS `persona`;
/*!40101 SET @saved_cs_client     = @@character_set_client */;
/*!40101 SET character_set_client = utf8 */;
CREATE TABLE `persona` (
  `idpersona` int(11) NOT NULL AUTO_INCREMENT,
  `CIRucPer` varchar(13) NOT NULL,
  `FechaNacPer` date NOT NULL,
  `TelefonoPer` varchar(10) DEFAULT NULL,
  PRIMARY KEY (`idpersona`)
) ENGINE=InnoDB AUTO_INCREMENT=101 DEFAULT CHARSET=utf8;
/*!40101 SET character_set_client = @saved_cs_client */;

--
-- Dumping data for table `persona`
--

LOCK TABLES `persona` WRITE;
/*!40000 ALTER TABLE `persona` DISABLE KEYS */;
INSERT INTO `persona` VALUES (1,'1732648436','1996-05-01','22988200\r'),(2,'1732650213','1996-06-05','23995200\r'),(3,'1795256322','1996-07-10','22988500\r'),(4,'1716126210','1996-08-14','22572522\r'),(5,'1747430153','1996-09-18','22999000\r'),(6,'1778734096','1996-10-23','22981081\r'),(7,'1710038039','1996-11-27','22900109\r'),(8,'1741341982','1997-01-01','22561004\r'),(9,'1772645925','1997-02-05','23953700\r'),(10,'1703949868','1997-03-12','23972000\r'),(11,'1735253811','1997-04-16','22563060\r'),(12,'1766557754','1997-05-21','22467500\r'),(13,'1797861697','1997-06-25','23310159\r'),(14,'1729165640','1997-07-30','22225262\r'),(15,'1760469583','1997-09-03','22676700\r'),(16,'1791773526','1997-10-08','22507144\r'),(17,'1723077469','1997-11-12','22445707\r'),(18,'1754381412','1997-12-17','22241874\r'),(19,'1785685355','1998-01-21','22777894\r'),(20,'1716989298','1998-02-25','22459140\r'),(21,'1748293241','1998-04-01','24004040\r'),(22,'1779597184','1998-05-06','22259003\r'),(23,'1710901127','1998-06-10','22266090\r'),(24,'1742205070','1998-07-15','22469369\r'),(25,'1773509013','1998-08-19','22973200\r'),(26,'1704812956','1998-09-23','22227700\r'),(27,'1736116899','1998-10-28','22451395\r'),(28,'1767420842','1998-12-02','22257133\r'),(29,'1798724785','1999-01-06','22461670\r'),(30,'1730028728','1999-02-10','26002400\r'),(31,'1761332671','1999-03-17','22261693\r'),(32,'1792636614','1999-04-21','22248233\r'),(33,'1723940557','1999-05-26','26002400\r'),(34,'1755244500','1999-06-30','23963100\r'),(35,'1786548443','1999-08-04','22440972\r'),(36,'1717852386','1999-09-08','22252563\r'),(37,'1749156329','1999-10-13','23819952\r'),(38,'1780460272','1999-11-17','26020777\r'),(39,'1711764215','1999-12-22','26020777\r'),(40,'1743068158','2000-01-26','42887666\r'),(41,'1774372101','2000-03-01','42887666\r'),(42,'1705676044','1972-06-11','42455200\r'),(43,'1736979987','1975-08-23','46013436\r'),(44,'1768283930','1978-11-03','42471118\r'),(45,'1799587873','1982-01-14','42681777\r'),(46,'1730891816','1985-03-27','42130335\r'),(47,'1762195759','1988-06-07','42693693\r'),(48,'1793499702','1991-08-19','42561322\r'),(49,'1724803645','1994-10-30','42322000\r'),(50,'1756107588','1972-03-06','42403846\r'),(51,'1787411531','1972-06-12','42610456\r'),(52,'1718715474','1972-09-18','42327200\r'),(53,'1750019417','1972-12-25','42628600\r'),(54,'1781323360','1973-04-02','43902200\r'),(55,'1712627303','1973-07-09','43900000\r'),(56,'1743931246','1973-10-15','42693081\r'),(57,'1775235189','1974-01-21','22979302\r'),(58,'1706539132','1974-04-29','46008192\r'),(59,'1737843075','1974-08-05','42610302\r'),(60,'1769147018','1974-11-11','22906600\r'),(61,'1700450961','1975-02-17','42208680\r'),(62,'1731754904','1975-05-26','62454444\r'),(63,'1763058847','1975-09-01','62454444\r'),(64,'1794362790','1975-12-08','42710468\r'),(65,'1725666733','1976-03-15','42710468\r'),(66,'1756970676','1976-06-21','42710468\r'),(67,'1788274619','1976-09-27','72846885\r'),(68,'1719578562','1977-01-03','72805122\r'),(69,'1750882505','1977-04-11','72831710\r'),(70,'1782186448','1977-07-18','72833255\r'),(71,'1713490391','1977-10-24','72370280\r'),(72,'1744794334','1978-01-30','72833813\r'),(73,'1776098277','1978-05-08','72875452\r'),(74,'1707402220','1978-08-14','72000100\r'),(75,'1738706163','1978-11-20','22988200\r'),(76,'1770010106','1979-02-26','23995200\r'),(77,'1701314049','1979-06-04','22988500\r'),(78,'1732617992','1979-09-10','22572522\r'),(79,'1763921935','1979-12-17','22999000\r'),(80,'1795225878','1980-03-24','22981081\r'),(81,'1726529821','1980-06-30','22900109\r'),(82,'1757833764','1980-10-06','22561004\r'),(83,'1789137707','1981-01-12','23953700\r'),(84,'1720441650','1981-04-20','23972000\r'),(85,'1751745593','1981-07-27','22563060\r'),(86,'1783049536','1981-11-02','22467500\r'),(87,'1714353479','1982-02-08','23310159\r'),(88,'1745657422','1982-05-17','22225262\r'),(89,'1776961365','1982-08-23','22676700\r'),(90,'1708265308','1982-11-29','22507144\r'),(91,'1739569251','1983-03-07','22445707\r'),(92,'1770873194','1983-06-13','22241874\r'),(93,'1702177137','1983-09-19','22777894\r'),(94,'1733481080','1983-12-26','22459140\r'),(95,'1764785023','1984-04-02','24004040\r'),(96,'1796088966','1984-07-09','22259003\r'),(97,'1727392909','1984-10-15','22266090\r'),(98,'1758696852','1985-01-21','22469369\r'),(99,'1790000795','1985-04-29','22973200\r'),(100,'1721304738','1985-08-05','22227700\r');
/*!40000 ALTER TABLE `persona` ENABLE KEYS */;
UNLOCK TABLES;

--
-- Table structure for table `personaladm`
--

DROP TABLE IF EXISTS `personaladm`;
/*!40101 SET @saved_cs_client     = @@character_set_client */;
/*!40101 SET character_set_client = utf8 */;
CREATE TABLE `personaladm` (
  `idPersonalAdm` int(11) NOT NULL AUTO_INCREMENT,
  `ApellidoPerAdm` varchar(15) NOT NULL,
  `NombrePerAdm` varchar(15) NOT NULL,
  `idTipoPersonal` int(11) NOT NULL,
  `idPersona` int(11) NOT NULL,
  PRIMARY KEY (`idPersonalAdm`),
  KEY `personalAdm-persona_idx` (`idPersona`),
  KEY `personalAdm-tipoPersonal_idx` (`idTipoPersonal`),
  CONSTRAINT `personalAdm-persona` FOREIGN KEY (`idPersona`) REFERENCES `persona` (`idpersona`) ON DELETE CASCADE ON UPDATE CASCADE,
  CONSTRAINT `personalAdm-tipoPersonal` FOREIGN KEY (`idTipoPersonal`) REFERENCES `tipopersonal` (`idtipopersonal`) ON DELETE CASCADE ON UPDATE CASCADE
) ENGINE=InnoDB AUTO_INCREMENT=11 DEFAULT CHARSET=utf8;
/*!40101 SET character_set_client = @saved_cs_client */;

--
-- Dumping data for table `personaladm`
--

LOCK TABLES `personaladm` WRITE;
/*!40000 ALTER TABLE `personaladm` DISABLE KEYS */;
INSERT INTO `personaladm` VALUES (1,'Benitez','Carlos',1,27),(2,'Santamaria','Daniel',2,64),(3,'Alvarez','Rocio',3,66),(4,'Angamarca','Raquel',1,14),(5,'Castro','Anderson',2,23),(6,'Talavera','Ernesto',3,52),(7,'Anguallo','Luis',1,10),(8,'Velez','Carla',2,86),(9,'Flores','Angela',3,62),(10,'Ortega','Andres',1,65);
/*!40000 ALTER TABLE `personaladm` ENABLE KEYS */;
UNLOCK TABLES;

--
-- Table structure for table `producto`
--

DROP TABLE IF EXISTS `producto`;
/*!40101 SET @saved_cs_client     = @@character_set_client */;
/*!40101 SET character_set_client = utf8 */;
CREATE TABLE `producto` (
  `idproducto` int(11) NOT NULL AUTO_INCREMENT,
  `CodigoPro` varchar(15) NOT NULL,
  `ComprometidoPro` int(11) DEFAULT NULL,
  `NombrePro` varchar(225) NOT NULL,
  `PrecioUnitPro` double NOT NULL,
  `SaldoPro` int(11) DEFAULT NULL,
  `idTipoProducto` int(11) NOT NULL,
  `pagaIvaPro` varchar(1) NOT NULL,
  PRIMARY KEY (`idproducto`),
  UNIQUE KEY `CodigoPro_UNIQUE` (`CodigoPro`)
) ENGINE=InnoDB AUTO_INCREMENT=101 DEFAULT CHARSET=utf8;
/*!40101 SET character_set_client = @saved_cs_client */;

--
-- Dumping data for table `producto`
--

LOCK TABLES `producto` WRITE;
/*!40000 ALTER TABLE `producto` DISABLE KEYS */;
INSERT INTO `producto` VALUES (1,'CASE01',2,'CASE BITFENIX Dawn Window BFC-DAW-500-KKGSK-RP ATX MidT',97.2,3,1,'S'),(2,'CASE02',1,'CASE BITFENIX ENSO Mesh Window RGB BFC-ENm-150-KKWGK-R',88.5,5,1,'S'),(3,'CASE03',1,'CASE BITFENIX ENSO Mesh Window RGB BFC-ENm-150-KKWGK-R',88.5,2,1,'S'),(4,'CASE04',0,'CASE BITFENIX Nova Mesh TG Window BFC-NVM-300-KKGSK-4A',79.2,5,1,'S'),(5,'CASE05',0,'CASE BITFENIX Nova Mesh TG Window BFC-NVM-300-WWGKW-4A',79.2,4,1,'S'),(6,'MBO01',1,'MBO ASROCK A320M-HDV AMD SK AM4 2xDDR4 HDMI-VGA DVI 6U',60,5,2,'S'),(7,'MBO02',1,'MBO ASROCK A520M-AC A4 Ryzen 3da. 2XDDR4 WIFI HDMI DP 12',85,5,2,'S'),(8,'MBO03',0,'MBO ASROCK A520M-HDV AM4 Ryzen 3. 2XDDR4 HDMI D-Sub DVI-',72,5,2,'S'),(9,'MBO04',0,'MBO ASROCK A520M-ITXX AC A4 Ryzen 3da. 2XDDR4 WIFI HDMI D',121,5,2,'S'),(10,'MBO05',0,'MBO ASROCK B450 STEEL LEGEND AMD4 DDR4-3533 VD SN HDMI',120,5,2,'S'),(11,'PROC01',1,'Proc. AMD AM4 Ryzen 5 3600 3.6GHz 6 Core 12 Hilos 32MB Cach',246,5,3,'S'),(12,'PROC02',1,'Proc. AMD AM4 Ryzen 5 5600X 3.7GHz 6Core 12Hilos 32MB Cach',368,5,3,'S'),(13,'PROC03',2,'Proc. AMD AM4 Ryzen 5 PRO 2400G Tray 3.9Hz 4 Core 8 Hilos 4',160,5,3,'S'),(14,'PROC04',2,'PROC. AMD Ryzen Threadripper 2950X 4.4Ghz Cache 40MB 180W',889,5,3,'S'),(15,'PROC05',2,'PROC. DELL XEON  SILVER 4208 2.1G. 8C-16T. 9.6GT-s. 11M Cac',686,5,3,'S'),(16,'MEMR01',2,'DIMM ADATA 16GB PC-2400 DDR4',65.7,5,4,'S'),(17,'MEMR02',2,'DIMM ADATA 16GB XPG SPECTRIX D50 DDR4 RGB 3200Mhz',76.6,3,4,'S'),(18,'MEMR03',2,'DIMM ADATA 4GB PC-2400 DDR4 PC4-19200',20.8,5,4,'S'),(19,'MEMR04',2,'DIMM ADATA 8GB 8GX4 U-DIMM DDR4 3200Mhz PCU-25600',36,5,4,'S'),(20,'MEMR05',2,'DIMM ADATA 8GB DDR4 2666Mhz',35.2,5,4,'S'),(21,'MSD01',2,'MEMORY Micro-SD SANDISK 64GB Ultra uSD 100MBs',8.3,5,5,'S'),(22,'MSD02',2,'MICRO SD-HC KINGSTON 128GB Clase 10',15.9,5,5,'S'),(23,'MSD03',2,'MICRO SD-HC KINGSTON 32GB Clase 10',4.3,5,5,'S'),(24,'MSD04',2,'MICRO SDC10G2 KINGSTON 64GB Clase 10',8,5,5,'S'),(25,'MSD05',2,'MICRO-SD HYUNDAI SDC16GU1 16GB with Adapter PROMOCION T',5,5,5,'S'),(26,'DISCOD01',2,'',97.2,5,7,'S'),(27,'DISCOD02',2,'DISCO DURO DELL 1.2TB 10K RPM 12Gbps 2.5\" SAS HotPlug para',337,5,7,'S'),(28,'DISCOD03',2,'DISCO DURO DELL 1.2TB 10K RPM 12Gbps 3.5\" SAS HotPlug para',326,5,7,'S'),(29,'DISCOD04',2,'DISCO DURO DELL 1.8TB 10K RPM 12Gbps 2.5\" SAS HotPlug para',481,5,7,'S'),(30,'DISCOD05',2,'DISCO DURO DELL 1TB 7.2K RPM 6Gbps 3.5\" SATA NO-HotPlug p',150,5,7,'S'),(31,'CEL01',2,'CELULAR ALCATEL AMIGO KIT ONE TOUCH OT-6012A',295,5,8,'S'),(32,'CEL02',2,'Celular APPLE iPhone 11 Pro 64GB 5.8Inch Silver',1237,5,8,'S'),(33,'CEL03',2,'Celular Samsung Galaxy SM-A015 QC 2GB 16GB 4GLte IPS-LCD 5.',99,5,8,'S'),(34,'CEL04',2,'Celular Samsung Galaxy SM-A515 4GB 128GB-ROM 4GLte 6.5Inc',286,5,8,'S'),(35,'CEL05',2,'Celular Samsung Galaxy SM-A715M 6GB 128GB-ROM LTE 6.7Inc Q',389,5,8,'S'),(36,'DVD01',2,'DVD-ROM DELL SATA. INTERNAL for R740',37.4,5,9,'S'),(37,'DVD02',2,'DVD-RW DELL SATA INTERNAL 9.5mm for R240 R340',37.6,5,9,'S'),(38,'DVD03',2,'DVD-RW DELL SATA. INTERNAL for R440',34,5,9,'S'),(39,'DVD04',2,'DVD-RW DELL SATA. INTERNAL for T430. T630',85,5,9,'S'),(40,'DVD05',2,'DVD-RW DELL SATA. INTERNAL for T440 KIT',31.5,5,9,'S'),(41,'TAB01',2,'MBO ASROCK X570 PRO4 AMD AM4 HDMI DP 4xDDR4 2xTypeA+C',208,5,10,'S'),(42,'TAB02',2,'TAB. SAMSUNG GALAXY A SM-T290 QC 1.2GHZ 8.0Inc. 2GB 32GB',128,5,10,'S'),(43,'TAB03',2,'TABLET ALCATEL 1T QC 8092 2MB-32GB Wifi BT 10.1Inc 2-Cam.',115,5,10,'S'),(44,'TAB04',2,'TABLET ALCATEL 3T 9032T 2GB-32GB 4G LTE 8Inc IPS 1280X80',134,5,10,'S'),(45,'TAB05',2,'TABLET APPLE 32GB WIFI 10.2Inc. IPS BT Gray New model 2020',398,5,10,'S'),(46,'NOT01',2,'NOT. APPLE MacBook Pro Core I5 10ma. 16GB 1TB-SSD 13Inch iO',2250,5,12,'S'),(47,'NOT02',2,'NOT. APPLE MacBook Pro Core I5 10ma. 16GB 1TB-SSD 13Inch iO',1698,5,12,'S'),(48,'NOT03',2,'NOT. APPLE MacBook Pro Touch ID-Bar I7 9na. 16GB 512GB 16-I',2694,5,12,'S'),(49,'NOT04',2,'NOT. APPLE MacBook Pro Touch ID-Bar I7 9na. 16GB 512GB 16-I',2649,5,12,'S'),(50,'NOT05',2,'NOT. ASUS ROG  G712LV-H7130T I7-10875H 16GB 1TB-SDD VID-',1649,5,12,'S'),(51,'COMPD01',2,'BARE BONE AIO. LG LCD 21.5\" WEB CAM 1280X720 2 SPEAKERS 3',310,5,13,'S'),(52,'COMPD02',2,'BUNDLE LOGITECH VIDEO CONFERENCIA CHROMEBOX 939-00179',3254,5,13,'S'),(53,'COMPD03',2,'COP. APPLE iMac Intel Core I5 2.3Ghz 8GB 256GB 21.5Inc. Cam.',1459,5,13,'S'),(54,'COMPD04',2,'COP. APPLE iMac Intel Core I5 8GB 256GB-SSD 27Inc 5K Retina 4',2244,5,13,'S'),(55,'COMPD05',2,'COP. DELL AIO TouchInspiron 5400 I7-1165G7 16GB 256GB-1TB',1258,5,13,'S'),(56,'SCAN01',2,'SCANNER EPSON WORKFORCE DS-70000 A3 Alim-200H 600dpi 70',5140,5,15,'S'),(57,'SCAN02',2,'SCANNER HP SCANJET ENTERPRISE 7500 FLATBED',1005,5,15,'S'),(58,'SCAN03',2,'SCANNER HP ScanJet Pro 3000 s4 - Alimentador de hojas',394,5,15,'S'),(59,'SCAN04',2,'SCANNER HP ScanJet Pro 4500 fn1 Flatbed',689,5,15,'S'),(60,'IMP01',2,'IMP. EPSON ECOTANK M1120 MONOCROMATICA 15 PPM USB WIFI',182,5,18,'S'),(61,'IMP02',2,'IMP. EPSON MATRICIAL FX-890II 680 CPS PARALELA',335,5,18,'S'),(62,'IMP03',2,'IMP. EPSON MUL. M2170 ECOTANK MONO. 39PPM USB ETHERNET',332,5,18,'S'),(63,'IMP04',2,'IMP. EPSON MULTIFUNCIONAL ECOTANK L5190 4 COLORES 33 PP',336,5,18,'S'),(64,'IMP05',2,'IMP. EPSON MULTIFUNCIONAL ECOTANK L6171 4 COLORES 33 PP',485,5,18,'S'),(65,'IMP06',2,'IMP. EPSON PICTUREMATE PM-525 USB WIFI FOTOGRAFICA, POR',191,5,18,'S'),(66,'SERV01',2,'PowerEdge R640 (1)Intel Xeon Gold 6252 (4)32GB (6)1.2TB 10K',8992,3,19,'S'),(67,'SERV02',2,'SERVER DELL PowerEdge R440 Intel Xeon Silver 4208 16GB 300',1959,3,19,'S'),(68,'SERV03',2,'SERVER DELL PowerEdge R640 Intel Xeon Silver 4210 16GB 480',3389,3,19,'S'),(69,'SERV04',2,'SERVER DELL PowerEdge R740 Intel Xeon Silver 4208 16GB 2TB',2018,3,19,'S'),(70,'SERV05',2,'SERVER DELL PowerEdge T40 Intel Xeon E-2224G 8GB 1TB SATA',664,3,19,'S'),(71,'PROY01',2,'HERRAMIENTA SAMSUNG SVC JIG-FINGER-PRINT SENSOR	',220,5,20,'S'),(72,'PROY02',2,'MINI PROYECTOR LG CineBeam 100Inc. LED HD - Bateria Int. 2.5',304,5,20,'S'),(73,'PROY03',2,'PROYECTOR BENQ GS1 LED Portable for Outdoor Famlily White',504,5,20,'S'),(74,'PROY04',2,'PROYECTOR BENQ MH534 1080p 3300Al DLP 2HDMI 2D-Sub 1RC	',720,5,20,'S'),(75,'PROY05',2,'PROYECTOR BENQ MMW820ST VGA 3000LUM WXGA HD 1280-80	',781,5,20,'S'),(76,'CAM01',2,'Cam. Vid Conf. Argom ARG-WC-9120BK 720P Microfono USB2.0',15,5,21,'S'),(77,'CAM02',2,'Cam. Vid Conf. LOOSAFE LS-F36 USB 2.0 1920X1080 Microfono',28,5,21,'S'),(78,'CAM03',2,'CAMARA LG STYPE FOR TV 2.0MP',118,5,21,'S'),(79,'CAM04',2,'CAMARA TP-Link TAPO C100 Wi-Fi 1080p Full-HD Doble Stereo',28,5,21,'S'),(80,'CAM05',2,'CAMARA WI-FI ROTATORIA DE SEGURIDAD PARA CASA TAP C200',36,5,21,'S'),(81,'ROUT01',2,'ROUTER DLINK DIR-2150 Gigabit Wi-Fi  MU-MIMO AC2100 3G-LTE',96,5,22,'S'),(82,'ROUT02',2,'ROUTER DLINK DWR-921 US Cellular 4G N300 LTE Ethernet Wire',116,5,22,'S'),(83,'ROUT03',2,'ROUTER GIGABIT INALAMBRICO BANDA DUAL AC1750 ARCHER C7',59,5,22,'S'),(84,'ROUT04',2,'ROUTER INALAMBRICO ALTA POTENCIA N 300MBPS TL-WR841HP',33,5,22,'S'),(85,'ROUT05',2,'ROUTER INALAMBRICO DE DOBLE BANDA AC1200 ARCHER C50',24,5,22,'S'),(86,'TARV01',2,'TARJETA VIDEO ASUS ROG-STRIX RTX3090 024G-GAMING 24GB G',2244,5,27,'S'),(87,'TARV02',2,'TARJETA VIDEO EVGA GeForce RTX 3090 FTW3 ULTRA GAMING,',2257,5,27,'S'),(88,'TARV03',2,'TV BOX M-LOGIC ML88 ROCKCHIP 3229 QC 4K DDRII 2GB EMMC 1',36,5,27,'S'),(89,'TARV04',2,'VIDEO ASUS GeForce GT-710 2GB GDDR5 HDMI VGA DVI PCI exp.',52,5,27,'S'),(90,'TARV05',2,'VIDEO ASUS STRIX AMD Radeon 8gb RX Vega64 DVI HDMI DP HMB',960,5,27,'S'),(91,'MONITOR01',2,'MONITOR AOC 16\" E1670SWU LED',64,5,29,'S'),(92,'MONITOR02',2,'MONITOR AOC 24B2XH 23.8Inch HDMI D-Sub W-LED 1920x1080 B',224,5,29,'S'),(93,'MONITOR03',2,'MONITOR AOC 27Inc. 27B2H LED Full-HD 1920x1080 HDMI VGA B',264,5,29,'S'),(94,'MONITOR04',2,'MONITOR ASUS TUF GAMING Curvo VG32H1B 32Inch Full HD 165',499,5,29,'S'),(95,'MONITOR05',2,'MONITOR BENQ GW2283 21.5Inc FULL-HD D-Sub 2HDMI LED BLA',189,5,29,'S'),(96,'MOUSE01',2,'MOUSE DELL MS116 OPTICAL WIRED BLACK',9,10,31,'N'),(97,'MOUSE02',2,'MOUSE GENIUS DX-120 USB RED G5	',3,10,31,'N'),(98,'MOUSE03',2,'MOUSE GENIUS MICRO TRAVELER 9000R WIRELESS USB BLUE',13,10,31,'N'),(99,'MOUSE04',2,'MOUSE GENIUS MICRO TRAVELLER USB BLACK	',5,10,31,'N'),(100,'MOUSE05',2,'MOUSE LOGITECH GAMING G603 BLACK WIRELESS USB LIGHTSPE',51,10,31,'N');
/*!40000 ALTER TABLE `producto` ENABLE KEYS */;
UNLOCK TABLES;

--
-- Table structure for table `sucursal`
--

DROP TABLE IF EXISTS `sucursal`;
/*!40101 SET @saved_cs_client     = @@character_set_client */;
/*!40101 SET character_set_client = utf8 */;
CREATE TABLE `sucursal` (
  `idSUCURSAL` int(11) NOT NULL,
  `nombreSucursal` varchar(45) DEFAULT NULL,
  PRIMARY KEY (`idSUCURSAL`)
) ENGINE=InnoDB DEFAULT CHARSET=utf8;
/*!40101 SET character_set_client = @saved_cs_client */;

--
-- Dumping data for table `sucursal`
--

LOCK TABLES `sucursal` WRITE;
/*!40000 ALTER TABLE `sucursal` DISABLE KEYS */;
INSERT INTO `sucursal` VALUES (1,'Megatec S.A. Quito'),(2,'Megatec S.A. Guayaquil');
/*!40000 ALTER TABLE `sucursal` ENABLE KEYS */;
UNLOCK TABLES;

--
-- Table structure for table `tipocobro`
--

DROP TABLE IF EXISTS `tipocobro`;
/*!40101 SET @saved_cs_client     = @@character_set_client */;
/*!40101 SET character_set_client = utf8 */;
CREATE TABLE `tipocobro` (
  `idTipoCobro` int(11) NOT NULL AUTO_INCREMENT,
  `NombreTipCob` varchar(45) NOT NULL,
  PRIMARY KEY (`idTipoCobro`)
) ENGINE=InnoDB AUTO_INCREMENT=7 DEFAULT CHARSET=utf8;
/*!40101 SET character_set_client = @saved_cs_client */;

--
-- Dumping data for table `tipocobro`
--

LOCK TABLES `tipocobro` WRITE;
/*!40000 ALTER TABLE `tipocobro` DISABLE KEYS */;
INSERT INTO `tipocobro` VALUES (1,'Efectivo'),(2,'Tarjeta de Debito'),(3,'Tarjeta de Credito'),(4,'Transferencia');
/*!40000 ALTER TABLE `tipocobro` ENABLE KEYS */;
UNLOCK TABLES;

--
-- Table structure for table `tipopersonal`
--

DROP TABLE IF EXISTS `tipopersonal`;
/*!40101 SET @saved_cs_client     = @@character_set_client */;
/*!40101 SET character_set_client = utf8 */;
CREATE TABLE `tipopersonal` (
  `idtipopersonal` int(11) NOT NULL AUTO_INCREMENT,
  `NombreTipPer` varchar(15) NOT NULL,
  PRIMARY KEY (`idtipopersonal`)
) ENGINE=InnoDB AUTO_INCREMENT=4 DEFAULT CHARSET=utf8;
/*!40101 SET character_set_client = @saved_cs_client */;

--
-- Dumping data for table `tipopersonal`
--

LOCK TABLES `tipopersonal` WRITE;
/*!40000 ALTER TABLE `tipopersonal` DISABLE KEYS */;
INSERT INTO `tipopersonal` VALUES (1,'Vendedor'),(2,'Cajero'),(3,'Despachador');
/*!40000 ALTER TABLE `tipopersonal` ENABLE KEYS */;
UNLOCK TABLES;

--
-- Table structure for table `tipoproducto`
--

DROP TABLE IF EXISTS `tipoproducto`;
/*!40101 SET @saved_cs_client     = @@character_set_client */;
/*!40101 SET character_set_client = utf8 */;
CREATE TABLE `tipoproducto` (
  `idtipoproducto` int(11) NOT NULL AUTO_INCREMENT,
  `NombreTipPro` varchar(25) NOT NULL,
  PRIMARY KEY (`idtipoproducto`)
) ENGINE=InnoDB AUTO_INCREMENT=49 DEFAULT CHARSET=utf8;
/*!40101 SET character_set_client = @saved_cs_client */;

--
-- Dumping data for table `tipoproducto`
--

LOCK TABLES `tipoproducto` WRITE;
/*!40000 ALTER TABLE `tipoproducto` DISABLE KEYS */;
INSERT INTO `tipoproducto` VALUES (1,'CASE'),(2,'MOTHER BOARDS'),(3,'PROCESADORES'),(4,'MEMORIA RAM'),(5,'MEMORIA SD'),(7,'DISCO DURO'),(8,'CELULARES'),(9,'DVD'),(10,'TABLET'),(12,'NOTEBOOK'),(13,'COMPUTADORES DESKTOP'),(15,'SCANER'),(18,'IMPRESORAS'),(19,'SERVIDORES'),(20,'PROYECTORES'),(21,'CAMARAS'),(22,'ROUTER'),(23,'ACCESS POINT'),(24,'POINT'),(25,'SWITCH'),(26,'NVR'),(27,'TARJETA DE VIDEO'),(28,'FLASH MEMORY'),(29,'MONITORES'),(30,'TELEVISORES'),(31,'MOUSE'),(32,'TECLADOS'),(33,'JOYSTICK'),(34,'FUENTES DE PODER'),(35,'UPS'),(36,'REGULADORES'),(37,'PARLANTES'),(38,'LINEA BLANCA'),(39,'SUMINISTRO EPSON'),(40,'SUMINISTRO SAMSUNG'),(41,'SUMINISTRO HP'),(42,'SUMINISTRO LEXMARK'),(43,'SUMINISTRO XEROX'),(44,'ACCESORIOS'),(45,'MALETAS'),(46,'MOCHILA'),(47,'SOFTWARE'),(48,'VENTILADOR');
/*!40000 ALTER TABLE `tipoproducto` ENABLE KEYS */;
UNLOCK TABLES;
/*!40103 SET TIME_ZONE=@OLD_TIME_ZONE */;

/*!40101 SET SQL_MODE=@OLD_SQL_MODE */;
/*!40014 SET FOREIGN_KEY_CHECKS=@OLD_FOREIGN_KEY_CHECKS */;
/*!40014 SET UNIQUE_CHECKS=@OLD_UNIQUE_CHECKS */;
/*!40101 SET CHARACTER_SET_CLIENT=@OLD_CHARACTER_SET_CLIENT */;
/*!40101 SET CHARACTER_SET_RESULTS=@OLD_CHARACTER_SET_RESULTS */;
/*!40101 SET COLLATION_CONNECTION=@OLD_COLLATION_CONNECTION */;
/*!40111 SET SQL_NOTES=@OLD_SQL_NOTES */;

-- Dump completed on 2021-01-11 17:46:02
